idx	cdr3	peptide	label
CASGGTGGANTGQLYF-TTPESANL_101782	CASGGTGGANTGQLYF	TTPESANL	0
CASSLGGGQGEGELFF-NLVPMVATV_34937	CASSLGGGQGEGELFF	NLVPMVATV	1
CAIQGFSGPLHF-AVFDRKSDAK_38646	CAIQGFSGPLHF	AVFDRKSDAK	0
CATSRVAGEEQFF-ELAGIGILTV_212936	CATSRVAGEEQFF	ELAGIGILTV	0
CASSPGTGEGYEQYF-RAKFKQLL_25698	CASSPGTGEGYEQYF	RAKFKQLL	1
CASSYLAGEGYEQYF-IVTDFSVIK_159359	CASSYLAGEGYEQYF	IVTDFSVIK	0
CASSQWERDPQYF-GILGFVFTL_210070	CASSQWERDPQYF	GILGFVFTL	0
CASSQEWARAGNQPQYF-TTPESANL_2476	CASSQEWARAGNQPQYF	TTPESANL	1
CSARGMEREALETQYF-AVFDRKSDAK_1899	CSARGMEREALETQYF	AVFDRKSDAK	1
CASSLTTPPSTDTQYF-FRDYVDRFYKTLRAEQASQE_123680	CASSLTTPPSTDTQYF	FRDYVDRFYKTLRAEQASQE	0
CASSLEWDRNQPQHF-NLVPMVATV_17520	CASSLEWDRNQPQHF	NLVPMVATV	1
CASSPEQRSSGNTLYF-RAKFKQLL_60667	CASSPEQRSSGNTLYF	RAKFKQLL	0
CASSEAANSNQPQYF-CTPYDINQM_10071	CASSEAANSNQPQYF	CTPYDINQM	1
CASSPRGVTEAFF-AVFDRKSDAK_36187	CASSPRGVTEAFF	AVFDRKSDAK	1
CASSKGQANTGELFF-NLVPMVATV_27380	CASSKGQANTGELFF	NLVPMVATV	1
CASSWDSAETLYF-IVTDFSVIK_95348	CASSWDSAETLYF	IVTDFSVIK	0
CSVVTENNYGYTF-CTPYDINQM_38694	CSVVTENNYGYTF	CTPYDINQM	0
CASTRGQGAGGNTIYF-ELAGIGILTV_10356	CASTRGQGAGGNTIYF	ELAGIGILTV	1
CATSSGSSYEQYF-ELAGIGILTV_31417	CATSSGSSYEQYF	ELAGIGILTV	1
CACYGADGAETLYF-AVFDRKSDAK_185911	CACYGADGAETLYF	AVFDRKSDAK	0
